<?xml version="1.0" encoding="UTF-8"?>
<configuration>

    <!-- Send debug messages to System.out -->
    <!--<appender name="STDOUT" class="ch.qos.logback.core.ConsoleAppender">        
        <encoder>
            <pattern>%d{HH:mm:ss.SSS} [%thread] %-5level %logger{5} - %msg%n</pattern>
        </encoder>
    </appender>-->

    <!-- Send debug messages to a file at "c:/jcg.log" -->
    <appender name="FILE" class="ch.qos.logback.core.rolling.RollingFileAppender">
        <file>remittance-webservices.log</file>
        <encoder class="ch.qos.logback.classic.encoder.PatternLayoutEncoder">
            <Pattern>%d{yyyy-MM-dd_HH:mm:ss.SSS} [%thread] %-5level %logger{36} - %msg%n</Pattern>
        </encoder>
 
        <rollingPolicy class="ch.qos.logback.core.rolling.FixedWindowRollingPolicy">
            <FileNamePattern>remittance-webservices.%i.log.zip</FileNamePattern>
            <MinIndex>1</MinIndex>
            <MaxIndex>10</MaxIndex>
        </rollingPolicy>
 
        <triggeringPolicy class="ch.qos.logback.core.rolling.SizeBasedTriggeringPolicy">
            <MaxFileSize>2MB</MaxFileSize>
        </triggeringPolicy>
    </appender>

    <logger name="com.javacodegeeks.examples.logbackexample.beans" level="INFO" additivity="false">        
        <appender-ref ref="FILE" />
    </logger>

    <!-- By default, the level of the root level is set to DEBUG -->
    <root level="DEBUG">
        <appender-ref ref="FILE" />
    </root>
</configuration>
