<?xml version="1.0" encoding="UTF-8"?>
<beans xmlns:xsi="http://www.w3.org/2001/XMLSchema-instance" xmlns="http://www.springframework.org/schema/beans" xmlns:context="http://www.springframework.org/schema/context" xmlns:util="http://www.springframework.org/schema/util"
    xmlns:p="http://www.springframework.org/schema/p" xmlns:sws="http://www.springframework.org/schema/web-services"
    xsi:schemaLocation="http://www.springframework.org/schema/beans
                           http://www.springframework.org/schema/beans/spring-beans-3.1.xsd
                           http://www.springframework.org/schema/context
                           http://www.springframework.org/schema/context/spring-context-3.1.xsd
                           http://www.springframework.org/schema/util
                           http://www.springframework.org/schema/util/spring-util-3.1.xsd">

    <context:component-scan base-package="com.ncr.cxp.ait.stub.model" />
    <context:component-scan base-package="com.ncr.cxp.ait.stub.integration.impl.converter" />
    <context:annotation-config />

    <!-- Properties are picked up from the product cxp-bis-service project -->
    <bean class="org.springframework.context.support.PropertySourcesPlaceholderConfigurer">
        <property name="placeholderPrefix" value="${StubBIS." />
        <property name="ignoreResourceNotFound" value="true" />
        <property name="locations">
            <list>
                <value>classpath:bis-ait-stub-service-context.properties</value>
            </list>
        </property>
    </bean>

    <bean id="configService" class="com.ncr.cxp.integration.service.impl.ait.stub.StubBISConfigurationImpl">
        <constructor-arg index="1" value="${StubBIS.bis-ait-stub-service-context.config.url}" />
    </bean>

</beans>