<?xml version="1.0" encoding="UTF-8"?>
<beans xmlns:xsi="http://www.w3.org/2001/XMLSchema-instance"
       xmlns="http://www.springframework.org/schema/beans"
       xmlns:context="http://www.springframework.org/schema/context"
       xmlns:util="http://www.springframework.org/schema/util"
       xmlns:p="http://www.springframework.org/schema/p"
       xmlns:sws="http://www.springframework.org/schema/web-services"
       xsi:schemaLocation="http://www.springframework.org/schema/beans
                           http://www.springframework.org/schema/beans/spring-beans-3.1.xsd
                           http://www.springframework.org/schema/context
                           http://www.springframework.org/schema/context/spring-context-3.1.xsd
                           http://www.springframework.org/schema/util
                           http://www.springframework.org/schema/util/spring-util-3.1.xsd">

    <context:annotation-config />

    <bean class="org.springframework.context.support.PropertySourcesPlaceholderConfigurer">
        <property name="placeholderPrefix" value="${StubModelBIS." />
        <property name="ignoreResourceNotFound" value="true" />
        <property name="locations">
            <list>
                <value>classpath:lass-ait-stub-model-context.properties</value>
            </list>
        </property>
    </bean>

    <bean id="stubDataImpl" class="com.ncr.cxp.ait.stub.model.StubDataImpl">
        <constructor-arg index="0" value="${StubModelBIS.lass-ait-stub-model-context.customer.url}" />
        <constructor-arg index="1" value="${StubModelBIS.lass-ait-stub-model-context.account.url}" />
    </bean>

    <bean id="stubFeeDataImpl" class="com.ncr.cxp.ait.stub.model.StubFeeDataImpl">
        <constructor-arg index="0" value="${StubModelBIS.lass-ait-stub-model-context.transaction.fee.url}" />
    </bean>

</beans>