<?xml version="1.0" encoding="UTF-8"?>
<beans xmlns:xsi="http://www.w3.org/2001/XMLSchema-instance" xmlns="http://www.springframework.org/schema/beans" xmlns:context="http://www.springframework.org/schema/context" xmlns:util="http://www.springframework.org/schema/util"
    xmlns:p="http://www.springframework.org/schema/p" xmlns:sws="http://www.springframework.org/schema/web-services" xmlns:task="http://www.springframework.org/schema/task"
    xsi:schemaLocation="http://www.springframework.org/schema/beans
                           http://www.springframework.org/schema/beans/spring-beans-3.1.xsd
                           http://www.springframework.org/schema/context
                           http://www.springframework.org/schema/context/spring-context-3.1.xsd
                           http://www.springframework.org/schema/util
                           http://www.springframework.org/schema/util/spring-util-3.1.xsd
                           http://www.springframework.org/schema/task
                           http://www.springframework.org/schema/task/spring-task-3.0.xsd">

    <context:annotation-config />

    <bean class="org.springframework.context.support.PropertySourcesPlaceholderConfigurer">
        <property name="placeholderPrefix" value="${INTEGRATIONCONTEXT." />
        <property name="ignoreResourceNotFound" value="true" />
        <property name="locations">
            <list>
                <value>classpath:integration-context.properties</value>
            </list>
        </property>
    </bean>

    <task:annotation-driven />
    <bean id="logBuildInformation" class="com.ncr.cxp.ait.stub.integration.impl.utils.BuildInformation"></bean>
    <task:scheduled-tasks>
        <task:scheduled ref="logBuildInformation" method="logBuildInformation" cron="${INTEGRATIONCONTEXT.integration-context.ait.stub.logBuildInformationSchedule}" />
    </task:scheduled-tasks>

</beans>