<?xml version="1.0" encoding="UTF-8"?>
<beans xmlns="http://www.springframework.org/schema/beans"
    xmlns:xsi="http://www.w3.org/2001/XMLSchema-instance"
    xmlns:context="http://www.springframework.org/schema/context"
    xmlns:sws="http://www.springframework.org/schema/web-services"
    xsi:schemaLocation="http://www.springframework.org/schema/beans 
                        http://www.springframework.org/schema/beans/spring-beans.xsd
                        http://www.springframework.org/schema/context
                        http://www.springframework.org/schema/context/spring-context-3.1.xsd
                        http://www.springframework.org/schema/web-services
                        http://www.springframework.org/schema/web-services/web-services-2.0.xsd">

    <context:component-scan base-package="com.ncr.cxp.ait.stub.integration.service.web"/>
    <context:component-scan base-package="com.ncr.cxp.bis.integration.service.web"/>
    <sws:annotation-driven />

    <sws:interceptors>
        <bean class="org.springframework.ws.server.endpoint.interceptor.PayloadLoggingInterceptor" />
        <bean id="validatingInterceptor" class="org.springframework.ws.soap.server.endpoint.interceptor.PayloadValidatingInterceptor">
            <property name="schema" value="classpath:xsd/schemacollection.xsd" />
            <property name="validateRequest" value="true" />
            <property name="validateResponse" value="true" />
        </bean>
    </sws:interceptors>
</beans>
