<beans xmlns:xsi="http://www.w3.org/2001/XMLSchema-instance" xmlns="http://www.springframework.org/schema/beans" xmlns:context="http://www.springframework.org/schema/context" xmlns:util="http://www.springframework.org/schema/util"
    xsi:schemaLocation="http://www.springframework.org/schema/beans
                        http://www.springframework.org/schema/beans/spring-beans-3.1.xsd
                        http://www.springframework.org/schema/context
                        http://www.springframework.org/schema/context/spring-context-3.1.xsd
                        http://www.springframework.org/schema/util http://www.springframework.org/schema/util/spring-util-3.1.xsd">

    <description>
        Root Context: defines shared resources visible to all other web components

        Default configuration properties are found in root-context.properties.
        Override the defaults by
        specifying an alternative properties file location
        variable
        'root-context.properties.url' either
        as environment variable, jndi env entry or jvm argument.
        (See Spring's StandardServletEnvironment javadoc for details on property
        resolution)
    </description>

    <context:annotation-config />

    <bean class="org.springframework.context.support.PropertySourcesPlaceholderConfigurer">
        <property name="placeholderPrefix" value="${ROOTCONTEXT." />
        <property name="ignoreResourceNotFound" value="true" />
        <property name="locations">
            <list>
                <value>classpath:root-context.properties</value>
            </list>
        </property>
    </bean>

    <!-- redirect all jul logging to sl4fj -->
    <bean class="java.lang.String">
        <constructor-arg value="#{''+T(org.slf4j.bridge.SLF4JBridgeHandler).install()}" />
    </bean>

    <bean id="systemClock" class="com.ncr.cxp.localassist.service.DefaultSystemClock" />

</beans>
