<?xml version="1.0" encoding="UTF-8"?>
<GetConfigurationRs xmlns="http://www.ncr.com/cxp/branch/integration/schema">
    <SupportedServices>
        <Services>
            <Service>
                <ServiceName>admin</ServiceName>
                <!-- 1.2 -->
                <Version>0</Version>
                <ServiceUrl>http://WGRGM250133-BG1:8080/stubbranchintegration</ServiceUrl>
                <AvailableOperations>
                    <OperationName>connect</OperationName>
                    <OperationName>serviceInq</OperationName>
                    <OperationName>signOn</OperationName>
                    <OperationName>signOff</OperationName>
                    <!-- 
                    <OperationName>openBranch</OperationName>
                    <OperationName>closeBranch</OperationName>
                    <OperationName>cashAdjustment</OperationName>
                    <OperationName>verifySession</OperationName>
                     -->
                </AvailableOperations>
            </Service>
            <Service>
                <ServiceName>customer</ServiceName>
                <!-- 1.4 -->
                <Version>0</Version>
                <ServiceUrl>http://WGRGM250133-BG1:8080/stubbranchintegration</ServiceUrl>
                <AvailableOperations>
                    <OperationName>startSession</OperationName>
                    <OperationName>endSession</OperationName>
                    <OperationName>customerInquiry</OperationName>
                    <OperationName>customerSearch</OperationName>
                    <OperationName>accountInquiry</OperationName>
                    <OperationName>getTransactionHistory</OperationName>
                    <!-- 
                    <OperationName>getReceipt</OperationName>
                     -->
                </AvailableOperations>
            </Service>
                <!-- 
             <Service>
                <ServiceName>BISBatch</ServiceName>
                <Version>1.1</Version>
                <ServiceUrl>http://localhost:8080/stubbranchintegration</ServiceUrl>
                <AvailableOperations>
                    <OperationName>completeTransaction</OperationName>
                    <OperationName>reverseTransaction</OperationName>
                </AvailableOperations>
            </Service>
                 -->
            <Service>
                <ServiceName>deposit</ServiceName>
                <!-- 1.4 -->
                <Version>0</Version>
                <ServiceUrl>http://WGRGM250133-BG1:8080/stubbranchintegration</ServiceUrl>
                <AvailableOperations>
                    <OperationName>authoriseDeposit</OperationName>
                    <OperationName>completeDeposit</OperationName>
                    <OperationName>reverseDeposit</OperationName>
                </AvailableOperations>
            </Service>
            <Service>
                <ServiceName>transfer</ServiceName>
                <!-- 1.2 -->
                <Version>0</Version>
                <ServiceUrl>http://WGRGM250133-BG1:8080/stubbranchintegration</ServiceUrl>
                <AvailableOperations>
                    <OperationName>authoriseTransfer</OperationName>
                    <OperationName>completeTransfer</OperationName>
                    <OperationName>reverseTransfer</OperationName>
                </AvailableOperations>
            </Service>
            <Service>
                <ServiceName>withdrawal</ServiceName>
                <!-- 1.3 -->
                <Version>0</Version>
                <ServiceUrl>http://WGRGM250133-BG1:8080/stubbranchintegration</ServiceUrl>
                <AvailableOperations>
                    <OperationName>authoriseWithdrawal</OperationName>
                    <OperationName>completeWithdrawal</OperationName>
                    <OperationName>reverseWithdrawal</OperationName>
                </AvailableOperations>
            </Service>
            <!-- 
             <Service>
                <ServiceName>payment</ServiceName>
                <Version>1.0</Version>
                <ServiceUrl>http://localhost:8080/stubbranchintegration</ServiceUrl>
                <AvailableOperations>
                    <OperationName>authorisePayment</OperationName>
                    <OperationName>completePayment</OperationName>
                    <OperationName>reversePayment</OperationName>
                </AvailableOperations>
            </Service>
             <Service>
                <ServiceName>electronic</ServiceName>
                <Version>1.0</Version>
                <ServiceUrl>http://localhost:8080/stubbranchintegration</ServiceUrl>
                <AvailableOperations>
                    <OperationName>authoriseElectronicTx</OperationName>
                </AvailableOperations>
            </Service>
             -->
            <Service>
                <ServiceName>configuration</ServiceName>
                <!-- 1.4 -->
                <Version>0</Version>
                <ServiceUrl>http://WGRGM250133-BG1:8080/stubbranchintegration</ServiceUrl>
                <AvailableOperations>
                    <OperationName>getConfiguration</OperationName>
                </AvailableOperations>
            </Service>
        </Services>
        <Options>
            <CustomerSessionRequired>false</CustomerSessionRequired>
            <PinAuthentication>false</PinAuthentication>
            <ReceiptAtSessionEnd>false</ReceiptAtSessionEnd>
            <InfoRequiredForTxCompletion>false</InfoRequiredForTxCompletion>
            <ReceiptWIthTransactionCompletion>false</ReceiptWIthTransactionCompletion>
            <!-- 
            <ChequeImages>
                <RequiredImage>
                    <ImageColour>GRAYSCALE</ImageColour>
                    <ImageType>TIFF</ImageType>
                </RequiredImage>
                <RequiredImage>
                    <ImageColour>BINARY</ImageColour>
                    <ImageType>TIFF</ImageType>
                </RequiredImage>
                <ChequeImageTransfer>
                    <AtAuthorisation>false</AtAuthorisation>
                </ChequeImageTransfer>
            </ChequeImages>
             -->
            <SupportedCustomerSearchCriteria>
                <SearchFieldName>AccountNumber</SearchFieldName>
                <SearchFieldType>STRING</SearchFieldType>
                <Description>
                    <MessageId>bis.search.accountNumber</MessageId>
                    <Message>Account Number</Message>
                </Description>
            </SupportedCustomerSearchCriteria>
            <SupportedCustomerSearchCriteria>
                <SearchFieldName>CustomerId</SearchFieldName>
                <SearchFieldType>STRING</SearchFieldType>
                <Description>
                    <MessageId>bis.search.customerId</MessageId>
                    <Message>Customer ID</Message>
                </Description>
            </SupportedCustomerSearchCriteria>
            <SupportedCustomerSearchCriteria>
                <SearchFieldName>CustomerName</SearchFieldName>
                <SearchFieldType>STRING</SearchFieldType>
                <Description>
                    <MessageId>bis.search.customerName</MessageId>
                    <Message>Customer Name</Message>
                </Description>
            </SupportedCustomerSearchCriteria>
            <SupportedCustomerSearchCriteria>
                <SearchFieldName>NationalId</SearchFieldName>
                <SearchFieldType>STRING</SearchFieldType>
                <Description>
                    <MessageId>bis.search.nationalId</MessageId>
                    <Message>National ID</Message>
                </Description>
            </SupportedCustomerSearchCriteria>
            <SupportedCustomerSearchCriteria>
                <SearchFieldName>PhoneNumber</SearchFieldName>
                <SearchFieldType>STRING</SearchFieldType>
                <Description>
                    <MessageId>bis.search.phoneNumber</MessageId>
                    <Message>Phone Number</Message>
                </Description>
            </SupportedCustomerSearchCriteria>
            <SupportedCustomerSearchCriteria>
                <SearchFieldName>CardNumber</SearchFieldName>
                <SearchFieldType>STRING</SearchFieldType>
                <Description>
                    <MessageId>bis.search.cardNumber</MessageId>
                    <Message>Card Number</Message>
                </Description>
            </SupportedCustomerSearchCriteria>
        </Options>
        <!-- 
        <ProprietaryInfo>
        </ProprietaryInfo>
         -->
    </SupportedServices>
    <System>
        <SystemConfiguration>
        <!-- 
            <Branches>
                <BranchConfiguration>
                    <Location>
                        <BankId>BankId1</BankId>
                        <LocationId>
                            <BranchId>BranchId1</BranchId>
                        </LocationId>
                    </Location>
                    <Terminals>
                    </Terminals>
                </BranchConfiguration>
            </Branches>
            <Terminals>
                <TerminalConfiguration>
                    <Location>
                        <BankId>BankId10</BankId>
                        <LocationId>
                            <BranchId>BranchId13</BranchId>
                        </LocationId>
                    </Location>
                    <DeviceId>1</DeviceId>
                    <Position>1</Position>
                </TerminalConfiguration>
                <TerminalConfiguration>
                    <Location>
                        <BankId>BankId11</BankId>
                        <LocationId>
                            <BranchId>BranchId14</BranchId>
                        </LocationId>
                    </Location>
                    <DeviceId>00-0C-29-7F-A6-25</DeviceId>
                    <Position>2</Position>
                </TerminalConfiguration>
            </Terminals>
         -->
        </SystemConfiguration>
    </System>
    <Version>1</Version>
</GetConfigurationRs>