<?xml version="1.0" encoding="UTF-8" standalone="yes"?>
<transactionFees>
<!-- 
    <transactionFee description="Print Check Fee" editable="false">
        <transactionSubType>PRINT_CHEQUE</transactionSubType>
        <amount>2.00</amount>
        <nonMemberAmount>7.00</nonMemberAmount>
        <glAccount>401</glAccount>
        <waivedCodes>
            <relationshipCode>0</relationshipCode>
            <relationshipCode>91</relationshipCode>
        </waivedCodes>
    </transactionFee>
    <transactionFee description="Scan Fee" editable="true">
        <transactionSubType>SCAN</transactionSubType>
        <amount>0</amount>
        <nonMemberAmount>0</nonMemberAmount>
        <glAccount>402</glAccount>
        <waivedCodes>
            <relationshipCode>0</relationshipCode>
            <relationshipCode>91</relationshipCode>
        </waivedCodes>
    </transactionFee>
    <transactionFee description="Cash Check Fee" editable="false">
        <transactionSubType>CASH_CHEQUE</transactionSubType>
        <amount>5.00</amount>
        <nonMemberAmount>5.00</nonMemberAmount>
        <glAccount>403</glAccount>
        <waivedCodes>
            <relationshipCode>0</relationshipCode>
            <relationshipCode>91</relationshipCode>
        </waivedCodes>
    </transactionFee>
 -->
</transactionFees>
